n,orig,dedup_stored,dedup_ratio,zstd_stored,zstd_ratio,unique_nodes,avg_reuse
1,138,194,0.711340206185567,110,1.2545454545454546,1,1.0
2,204,345,0.591304347826087,175,1.1657142857142857,2,1.0
5,548,889,0.6164229471316085,464,1.1810344827586208,5,1.0
10,1024,1732,0.5912240184757506,883,1.159682899207248,10,1.0
25,2616,4375,0.5979428571428571,2251,1.1621501554864504,25,1.0
50,5179,8726,0.5935136374054549,4483,1.1552531786749944,50,1.0
100,10379,17484,0.593628460306566,8993,1.154119871010786,100,1.0
250,26154,43977,0.5947199672556109,22735,1.150384869144491,250,1.0
500,52529,88249,0.5952362066425682,45782,1.1473723297365777,500,1.0
